source_collage,output_filename,row,column,x,y,width,height
invoice_01.png,batch2_invoice_001.png,1,1,0,0,380,498
invoice_01.png,batch2_invoice_002.png,1,2,384,0,375,498
invoice_01.png,batch2_invoice_003.png,1,3,763,0,375,498
invoice_01.png,batch2_invoice_004.png,1,4,1145,0,391,498
invoice_01.png,batch2_invoice_005.png,2,1,0,501,379,523
invoice_01.png,batch2_invoice_006.png,2,2,383,501,374,523
invoice_01.png,batch2_invoice_007.png,2,3,761,501,376,523
invoice_01.png,batch2_invoice_008.png,2,4,1142,501,394,523
invoice_02.png,batch2_invoice_009.png,1,1,0,0,380,372
invoice_02.png,batch2_invoice_010.png,1,2,383,0,371,372
invoice_02.png,batch2_invoice_011.png,1,3,758,0,375,372
invoice_02.png,batch2_invoice_012.png,1,4,1136,0,400,372
invoice_02.png,batch2_invoice_013.png,2,1,0,374,380,337
invoice_02.png,batch2_invoice_014.png,2,2,383,374,371,337
invoice_02.png,batch2_invoice_015.png,2,3,758,374,375,337
invoice_02.png,batch2_invoice_016.png,2,4,1136,374,400,337
invoice_02.png,batch2_invoice_017.png,3,1,0,713,380,311
invoice_02.png,batch2_invoice_018.png,3,2,383,713,371,311
invoice_02.png,batch2_invoice_019.png,3,3,758,713,375,311
invoice_02.png,batch2_invoice_020.png,3,4,1136,713,400,311
invoice_03.png,batch2_invoice_021.png,1,1,7,7,339,295
invoice_03.png,batch2_invoice_022.png,1,2,358,0,348,306
invoice_03.png,batch2_invoice_023.png,1,3,712,0,355,309
invoice_03.png,batch2_invoice_024.png,1,4,1079,0,448,302
invoice_03.png,batch2_invoice_025.png,2,1,0,310,347,248
invoice_03.png,batch2_invoice_026.png,2,2,356,310,361,248
invoice_03.png,batch2_invoice_027.png,2,3,720,313,352,242
invoice_03.png,batch2_invoice_028.png,2,4,1077,307,453,248
invoice_03.png,batch2_invoice_029.png,3,1,1,562,340,228
invoice_03.png,batch2_invoice_030.png,3,2,348,563,360,226
invoice_03.png,batch2_invoice_031.png,3,3,719,561,355,229
invoice_03.png,batch2_invoice_032.png,3,4,1082,560,444,230
invoice_03.png,batch2_invoice_033.png,4,1,0,793,343,231
invoice_03.png,batch2_invoice_034.png,4,2,348,793,362,230
invoice_03.png,batch2_invoice_035.png,4,3,723,793,349,229
invoice_03.png,batch2_invoice_036.png,4,4,1084,794,429,230
invoice_04.png,batch2_invoice_037.png,1,1,0,0,312,457
invoice_04.png,batch2_invoice_038.png,1,2,316,0,293,457
invoice_04.png,batch2_invoice_039.png,1,3,613,0,283,457
invoice_04.png,batch2_invoice_040.png,1,4,900,0,295,457
invoice_04.png,batch2_invoice_041.png,1,5,1199,0,337,457
invoice_04.png,batch2_invoice_042.png,2,1,0,459,310,269
invoice_04.png,batch2_invoice_043.png,2,2,315,459,293,269
invoice_04.png,batch2_invoice_044.png,2,3,611,459,285,269
invoice_04.png,batch2_invoice_045.png,2,4,900,459,295,269
invoice_04.png,batch2_invoice_046.png,2,5,1199,459,337,269
invoice_04.png,batch2_invoice_047.png,3,1,0,732,309,292
invoice_04.png,batch2_invoice_048.png,3,2,313,732,295,292
invoice_04.png,batch2_invoice_049.png,3,3,611,732,285,292
invoice_04.png,batch2_invoice_050.png,3,4,899,732,296,292
invoice_04.png,batch2_invoice_051.png,3,5,1199,732,337,292
invoice_05.png,batch2_invoice_052.png,1,1,0,0,303,361
invoice_05.png,batch2_invoice_053.png,1,2,306,0,287,361
invoice_05.png,batch2_invoice_054.png,1,3,596,0,312,361
invoice_05.png,batch2_invoice_055.png,1,4,911,0,300,361
invoice_05.png,batch2_invoice_056.png,1,5,1214,0,322,361
invoice_05.png,batch2_invoice_057.png,2,1,0,363,303,336
invoice_05.png,batch2_invoice_058.png,2,2,306,363,287,336
invoice_05.png,batch2_invoice_059.png,2,3,596,363,312,336
invoice_05.png,batch2_invoice_060.png,2,4,911,363,300,336
invoice_05.png,batch2_invoice_061.png,2,5,1214,363,322,336
invoice_05.png,batch2_invoice_062.png,3,1,0,701,303,323
invoice_05.png,batch2_invoice_063.png,3,2,306,701,287,323
invoice_05.png,batch2_invoice_064.png,3,3,596,701,312,323
invoice_05.png,batch2_invoice_065.png,3,4,911,701,300,323
invoice_05.png,batch2_invoice_066.png,3,5,1214,701,322,323
invoice_06.png,batch2_invoice_067.png,1,1,0,0,285,261
invoice_06.png,batch2_invoice_068.png,1,2,287,0,298,261
invoice_06.png,batch2_invoice_069.png,1,3,588,0,287,261
invoice_06.png,batch2_invoice_070.png,1,4,878,0,304,261
invoice_06.png,batch2_invoice_071.png,1,5,1184,0,352,261
invoice_06.png,batch2_invoice_072.png,2,1,0,263,285,250
invoice_06.png,batch2_invoice_073.png,2,2,287,263,297,250
invoice_06.png,batch2_invoice_074.png,2,3,586,263,289,250
invoice_06.png,batch2_invoice_075.png,2,4,877,263,305,250
invoice_06.png,batch2_invoice_076.png,2,5,1184,263,352,250
invoice_06.png,batch2_invoice_077.png,3,1,0,515,285,234
invoice_06.png,batch2_invoice_078.png,3,2,287,515,296,234
invoice_06.png,batch2_invoice_079.png,3,3,585,515,290,234
invoice_06.png,batch2_invoice_080.png,3,4,877,515,305,234
invoice_06.png,batch2_invoice_081.png,3,5,1184,515,352,234
invoice_06.png,batch2_invoice_082.png,4,1,0,751,243,273
invoice_06.png,batch2_invoice_083.png,4,2,245,751,293,273
invoice_06.png,batch2_invoice_084.png,4,3,540,751,318,273
invoice_06.png,batch2_invoice_085.png,4,4,860,751,304,273
invoice_06.png,batch2_invoice_086.png,4,5,1167,751,369,273
invoice_07.png,batch2_invoice_087.png,1,1,0,0,286,286
invoice_07.png,batch2_invoice_088.png,1,2,288,0,292,286
invoice_07.png,batch2_invoice_089.png,1,3,582,0,310,286
invoice_07.png,batch2_invoice_090.png,1,4,894,0,274,286
invoice_07.png,batch2_invoice_091.png,1,5,1170,0,366,286
invoice_07.png,batch2_invoice_092.png,2,1,0,288,293,227
invoice_07.png,batch2_invoice_093.png,2,2,295,288,298,227
invoice_07.png,batch2_invoice_094.png,2,3,595,288,297,227
invoice_07.png,batch2_invoice_095.png,2,4,894,288,310,227
invoice_07.png,batch2_invoice_096.png,2,5,1206,288,330,227
invoice_07.png,batch2_invoice_097.png,3,1,0,517,288,238
invoice_07.png,batch2_invoice_098.png,3,2,290,517,299,238
invoice_07.png,batch2_invoice_099.png,3,3,591,517,293,238
invoice_07.png,batch2_invoice_100.png,3,4,886,517,323,238
invoice_07.png,batch2_invoice_101.png,3,5,1211,517,324,238
invoice_07.png,batch2_invoice_102.png,4,1,0,757,315,267
invoice_07.png,batch2_invoice_103.png,4,2,317,757,277,267
invoice_07.png,batch2_invoice_104.png,4,3,596,757,294,267
invoice_07.png,batch2_invoice_105.png,4,4,892,757,311,267
invoice_07.png,batch2_invoice_106.png,4,5,1205,757,331,267
invoice_08.png,batch2_invoice_107.png,1,1,0,0,309,265
invoice_08.png,batch2_invoice_108.png,1,2,311,0,300,265
invoice_08.png,batch2_invoice_109.png,1,3,613,0,302,265
invoice_08.png,batch2_invoice_110.png,1,4,918,0,295,265
invoice_08.png,batch2_invoice_111.png,1,5,1216,0,320,265
invoice_08.png,batch2_invoice_112.png,2,1,0,267,310,243
invoice_08.png,batch2_invoice_113.png,2,2,312,267,298,243
invoice_08.png,batch2_invoice_114.png,2,3,613,267,302,243
invoice_08.png,batch2_invoice_115.png,2,4,918,267,295,243
invoice_08.png,batch2_invoice_116.png,2,5,1215,267,321,243
invoice_08.png,batch2_invoice_117.png,3,1,0,512,309,241
invoice_08.png,batch2_invoice_118.png,3,2,311,512,300,241
invoice_08.png,batch2_invoice_119.png,3,3,613,512,302,241
invoice_08.png,batch2_invoice_120.png,3,4,918,512,295,241
invoice_08.png,batch2_invoice_121.png,3,5,1215,512,321,241
invoice_08.png,batch2_invoice_122.png,4,1,0,755,308,269
invoice_08.png,batch2_invoice_123.png,4,2,311,755,300,269
invoice_08.png,batch2_invoice_124.png,4,3,613,755,302,269
invoice_08.png,batch2_invoice_125.png,4,4,918,755,295,269
invoice_08.png,batch2_invoice_126.png,4,5,1215,755,321,269
invoice_09.png,batch2_invoice_127.png,1,1,0,0,271,224
invoice_09.png,batch2_invoice_128.png,1,2,273,0,257,224
invoice_09.png,batch2_invoice_129.png,1,3,532,0,246,224
invoice_09.png,batch2_invoice_130.png,1,4,780,0,247,224
invoice_09.png,batch2_invoice_131.png,1,5,1029,0,243,224
invoice_09.png,batch2_invoice_132.png,1,6,1274,0,262,224
invoice_09.png,batch2_invoice_133.png,2,1,0,225,269,201
invoice_09.png,batch2_invoice_134.png,2,2,271,225,257,201
invoice_09.png,batch2_invoice_135.png,2,3,530,225,249,201
invoice_09.png,batch2_invoice_136.png,2,4,782,225,247,201
invoice_09.png,batch2_invoice_137.png,2,5,1031,225,244,201
invoice_09.png,batch2_invoice_138.png,2,6,1277,225,259,201
invoice_09.png,batch2_invoice_139.png,3,1,0,427,267,196
invoice_09.png,batch2_invoice_140.png,3,2,268,427,261,196
invoice_09.png,batch2_invoice_141.png,3,3,531,427,247,196
invoice_09.png,batch2_invoice_142.png,3,4,779,427,244,196
invoice_09.png,batch2_invoice_143.png,3,5,1024,427,257,196
invoice_09.png,batch2_invoice_144.png,3,6,1283,427,253,196
invoice_09.png,batch2_invoice_145.png,4,1,0,624,253,194
invoice_09.png,batch2_invoice_146.png,4,2,255,624,254,194
invoice_09.png,batch2_invoice_147.png,4,3,511,624,253,194
invoice_09.png,batch2_invoice_148.png,4,4,766,624,261,194
invoice_09.png,batch2_invoice_149.png,4,5,1028,624,257,194
invoice_09.png,batch2_invoice_150.png,4,6,1287,624,249,194
invoice_09.png,batch2_invoice_151.png,5,1,0,819,252,205
invoice_09.png,batch2_invoice_152.png,5,2,254,819,246,205
invoice_09.png,batch2_invoice_153.png,5,3,502,819,258,205
invoice_09.png,batch2_invoice_154.png,5,4,762,819,263,205
invoice_09.png,batch2_invoice_155.png,5,5,1027,819,255,205
invoice_09.png,batch2_invoice_156.png,5,6,1284,819,252,205
